K,Precision,Recall,F1,NDCG,MRR,MAP,UserCoverage,ItemCoverage
1,0.010893246187363835,0.001215159109895952,0.0021864196012517253,0.010964912280701754,1.0,0.11082251082251082,0.010964912280701754,0.03333333333333333
5,0.01394335511982571,0.005236142306053793,0.0076132747391740585,0.01335996603376541,0.4227777777777778,0.03931139910451309,0.06578947368421052,0.09007092198581561
10,0.012854030501089325,0.008477496487986135,0.010216802433811545,0.014293836309894548,0.31914049307666326,0.0310064426836294,0.10307017543859649,0.15106382978723404
20,0.013507625272331155,0.017983431912217747,0.01542745662409229,0.018222597706180895,0.19034498926139795,0.018818328886511932,0.21052631578947367,0.2375886524822695
30,0.016049382716049384,0.03223608800323212,0.021429606294612467,0.024227627845219077,0.13584173604567856,0.014291735375996172,0.33114035087719296,0.3028368794326241
40,0.01770152505446623,0.04357948278874894,0.025176586795679752,0.029153429431584364,0.10519643811397282,0.011234443367645801,0.46271929824561403,0.3617021276595745
50,0.018126361655773422,0.05175555096115236,0.02684928901583718,0.0326500614481211,0.09428436451996283,0.01039720157813675,0.5328947368421053,0.41702127659574467
